LIDAR,0.0,0.6850185363340315,0.5303169479274853
RADAR,0.05,0.9948532889191984,0.6711768808615822,1.6306503791469045
LIDAR,0.1,0.7822111418662521,0.5662594762379267
RADAR,0.15000000000000002,1.041056905674963,0.5770094854001949,1.9960023782413803
LIDAR,0.2,0.952663244684126,0.7955199152367333
RADAR,0.25,1.520235175284567,0.4766624405079862,1.9155566292571435
LIDAR,0.30000000000000004,1.305439947817659,0.6676498678301667
RADAR,0.35000000000000003,1.3141884897344396,0.3496705892221808,1.9589123655725296
LIDAR,0.4,1.4882746488579803,0.5505817581935174
RADAR,0.45,1.8970047153159806,0.3342611195730191,1.902468342664244
LIDAR,0.5,1.6219913761084805,0.651216208566822
RADAR,0.55,2.0919852981045155,0.3211698072227486,1.8700003041964308
LIDAR,0.6000000000000001,1.7807360759893534,0.2800992828339199
RADAR,0.65,2.1156577055911954,0.2611547333229204,2.0187324708959373
LIDAR,0.7000000000000001,2.036238063404273,0.6739270195473256
RADAR,0.75,2.128509085799999,0.2853670924003855,2.7045923424974427
LIDAR,0.8,2.312869013388086,0.6955862187847373
RADAR,0.8500000000000001,2.1052312464605887,0.27184275865013374,2.2289774104368374
LIDAR,0.9,2.4891267103243386,0.7670766073085673
RADAR,0.9500000000000001,2.664354615625868,0.21513404879431106,2.424500833601337
LIDAR,1.0,2.7443724988414235,0.5133953735801188
RADAR,1.05,2.8621317274390683,0.22690909503233728,2.383049476171927
LIDAR,1.1,2.93454992437316,0.7337452003077534
RADAR,1.1500000000000001,3.2150181779488016,0.21189690299806277,2.113919087608147
LIDAR,1.2000000000000002,3.1162473705162217,0.8847118826049212
RADAR,1.25,3.272468200530192,0.18959952819305767,2.439245199047511
LIDAR,1.3,3.4363429798315988,0.6351273135842969
RADAR,1.35,4.01433740152163,0.21363338191169565,2.3067171271902933
LIDAR,1.4000000000000001,3.6373319932068893,0.3853347539183944
RADAR,1.4500000000000002,3.578722873931214,0.22757217920700745,1.5723179213719654
LIDAR,1.5,4.049057120450602,0.7419969670769558
RADAR,1.55,4.30596051049053,0.1908053542262821,2.2136355270504673
LIDAR,1.6,3.9714058154044145,0.7426732164827501
RADAR,1.6500000000000001,3.895859190943697,0.1638779005529325,2.1929046120478897
LIDAR,1.7000000000000002,4.332475135862038,0.8207781353139956
RADAR,1.75,4.394739000025445,0.23331235295235575,1.9469952848352032
LIDAR,1.8,4.16404144013599,1.0053013109214153
RADAR,1.85,4.855731954401072,0.1780933471302352,2.4990445877945766
LIDAR,1.9000000000000001,4.571674319867714,0.7952793227566901
RADAR,1.9500000000000002,5.505226922531498,0.18782106056430123,1.9989010688404618
LIDAR,2.0,5.030747339211338,0.9339958251134913
RADAR,2.0500000000000003,5.026996664048085,0.17069184406216004,2.630139709139675
LIDAR,2.1,5.361143195692768,0.9387942834811109
RADAR,2.15,4.942334969728597,0.21115789796409667,1.8130424130056062
LIDAR,2.2,5.383243064709726,1.197586685136732
RADAR,2.25,5.824928454290046,0.24259486294851393,1.8157062239341477
LIDAR,2.3000000000000003,5.522420743859173,1.394995956004773
RADAR,2.35,5.233653767466334,0.17723924401519722,2.1526610592182607
LIDAR,2.4000000000000004,5.784723320466756,1.4236593512440754
RADAR,2.45,5.79309219305562,0.18045780478208256,2.056016921507326
LIDAR,2.5,5.906816796711466,1.4472391291949909
RADAR,2.5500000000000003,6.143907525798382,0.2150617906968823,2.1038198372779933
LIDAR,2.6,6.135399039431887,1.4913595080013489
RADAR,2.6500000000000004,6.310487383606459,0.2585588378729362,1.7498487239465392
LIDAR,2.7,6.291841362322299,1.698507688128967
RADAR,2.75,6.745552354843344,0.23745141037349704,1.451836855022141
LIDAR,2.8000000000000003,6.289933367108815,1.646968139294839
RADAR,2.85,6.267288325089136,0.25748617880127184,2.1864990506326256
LIDAR,2.9000000000000004,7.031735761091122,1.7655349563235707
RADAR,2.95,6.609752223150154,0.25820747831604446,1.6028655768270488
LIDAR,3.0,6.632689795522871,1.6402055240198725
RADAR,3.0500000000000003,7.282404747497944,0.30429863307163874,2.1333537471477335
LIDAR,3.1,6.854156692506163,2.034593983790335
RADAR,3.1500000000000004,7.287524064790876,0.32449138758476853,2.100717633930217
LIDAR,3.2,7.3672605860505245,1.9484181256468238
RADAR,3.25,7.336202573898977,0.34588512912077735,1.5388827451241116
LIDAR,3.3000000000000003,7.3596910457580496,2.1153839811669144
RADAR,3.35,8.289569862316956,0.2730770931456209,1.6545316553666256
LIDAR,3.4000000000000004,7.4544096813917164,2.2508786687142
RADAR,3.45,7.590280272965365,0.28706118541995507,1.9547770548086072
LIDAR,3.5,7.344565565461115,2.2960551992992126
RADAR,3.5500000000000003,7.865317943975091,0.2723519912652098,1.5664096638266312
LIDAR,3.6,7.479242834030422,2.3687366416183284
RADAR,3.6500000000000004,7.838967192125603,0.28581836280888345,1.9941733969748812
LIDAR,3.7,7.927380721065604,2.7322472475208657
RADAR,3.75,8.502208238495454,0.3002340145923173,1.5332229595158953
LIDAR,3.8000000000000003,8.333431889031658,3.0738725184558073
RADAR,3.85,8.466772196920646,0.30630220674426867,0.9007908932413046
LIDAR,3.9000000000000004,8.19703826042937,3.2431376385098103
RADAR,3.95,8.55290129786884,0.3958589489965383,1.8910764886872087
LIDAR,4.0,8.265805953427584,3.2689740506447476
RADAR,4.05,8.873712131763309,0.3210074351542409,1.4618826221243957
LIDAR,4.1000000000000005,8.054164969615316,3.1662047196355996
RADAR,4.15,8.898503251028322,0.39187213019502465,1.4062511724019116
LIDAR,4.2,8.258919894642275,3.218595641660403
RADAR,4.25,9.154251786362575,0.43376721289839637,1.7685902555733102
LIDAR,4.3,8.195924189752574,3.6678040165088097
RADAR,4.3500000000000005,9.760324078273753,0.4612545419763864,1.3431688200204601
LIDAR,4.4,8.797834902658368,3.973956438758962
RADAR,4.45,9.279371783376355,0.4053464165085502,1.500403117397878
LIDAR,4.5,8.464047177570277,4.101006764754982
RADAR,4.55,9.753370186128011,0.42294514326245425,0.932583971272458
LIDAR,4.6000000000000005,8.695994873116986,4.104394117412103
RADAR,4.65,9.49354257421451,0.49375168678263237,1.0041602309507285
LIDAR,4.7,8.62517068236352,4.424227799874834
RADAR,4.75,9.761672713878832,0.46902733701549865,1.285406366248414
LIDAR,4.800000000000001,8.767884286167885,4.597303378442379
RADAR,4.8500000000000005,9.963190510559171,0.46852942146875937,0.7947224263866721
LIDAR,4.9,8.85298029665434,4.685820127565824
RADAR,4.95,9.757668595743432,0.5338759527049227,0.8436852405956816
LIDAR,5.0,8.736882981498796,5.219956303801091
RADAR,5.050000000000001,10.194112229776488,0.5353430533518534,0.9588281895584904
LIDAR,5.1000000000000005,8.962852667837845,5.05979812833574
RADAR,5.15,10.427405085586734,0.5287122923551646,1.1229944204717373
LIDAR,5.2,8.604466238435226,5.194854209204994
RADAR,5.25,10.52471474684253,0.5517414527801263,0.9450848495189108
LIDAR,5.300000000000001,8.75267845875364,5.535878807777957
RADAR,5.3500000000000005,10.80571280414174,0.5130498915659157,0.9126169407568592
LIDAR,5.4,8.515551942557238,5.542725388026699
RADAR,5.45,10.317024972189047,0.5660476691149334,1.1174047965545468
LIDAR,5.5,8.725978005578368,5.69267241223987
RADAR,5.550000000000001,10.863797733796867,0.6282900749753598,0.9660121772727124
LIDAR,5.6000000000000005,8.811638524678274,5.997143175890364
RADAR,5.65,10.308983797638314,0.6081844188511795,0.9592080999115633
LIDAR,5.7,8.550046634725238,6.1191055605156155
RADAR,5.75,10.677319132548782,0.6566709869894619,0.5422516275585841
LIDAR,5.800000000000001,8.567892449568888,6.2143622737619975
RADAR,5.8500000000000005,10.474688503351187,0.6344016140463417,0.9612061927303516
LIDAR,5.9,8.57042417570952,6.810148113891251
RADAR,5.95,10.838625730560059,0.6584853597988987,0.2810216207007579
LIDAR,6.0,8.362746217116554,6.808463696490197
RADAR,6.050000000000001,10.80908100113351,0.6671327441014018,0.4410202451625984
LIDAR,6.1000000000000005,8.288191607682187,6.970180071377314
RADAR,6.15,10.63318850554855,0.6502828279956994,0.49123460339777114
LIDAR,6.2,8.232939641056323,7.098093114783613
RADAR,6.25,10.946444688244348,0.7018545671334498,0.6633167356425692
LIDAR,6.300000000000001,8.40170583562668,7.2300906287144935
RADAR,6.3500000000000005,11.568265557279533,0.7215245876325898,-0.04562732711331488
LIDAR,6.4,7.750721049883287,7.343008604330553
RADAR,6.45,10.859275354858536,0.7040904945535392,0.37642166124668613
LIDAR,6.5,8.052717944934779,7.481538446454047
RADAR,6.550000000000001,10.371583491750435,0.7065112605990893,0.020346122910456933
LIDAR,6.6000000000000005,7.543432880687595,7.6025675563423825
RADAR,6.65,10.47079384244489,0.7328495931884669,-0.014283057474177324
LIDAR,6.7,7.712140976298582,7.78722893324303
RADAR,6.75,10.641830688193506,0.7528981929447467,-0.058024454562916744
LIDAR,6.800000000000001,7.066006229164166,7.709452625634299
RADAR,6.8500000000000005,11.429790011839959,0.8476042996028614,-0.3374221545280173
LIDAR,6.9,7.3921442230697485,7.981417782456525
RADAR,6.95,10.400613496522157,0.7558692698985009,-0.590236674758081
LIDAR,7.0,7.161148712009192,7.819862957331587
RADAR,7.050000000000001,10.521989287368756,0.9097051062301125,-0.033396848075513574
LIDAR,7.1000000000000005,6.895213930363794,8.076444922078649
RADAR,7.15,10.289424181176804,0.8907533038451275,-0.4405444798349588
LIDAR,7.2,7.091209219277334,8.228757637486506
RADAR,7.25,10.441638165190072,0.9267661950980389,-0.30412187602187024
LIDAR,7.300000000000001,6.718840956184315,8.445732261218687
RADAR,7.3500000000000005,10.773292333242763,0.8771213065960637,-1.23150163213297
LIDAR,7.4,6.564634231579305,8.376898301520368
RADAR,7.45,10.780431174401166,0.9821141991848308,-0.5481425833028635
LIDAR,7.5,6.423070795616696,8.184827295290592
RADAR,7.550000000000001,10.606747061550179,0.9580233542504466,-0.3343023062872105
LIDAR,7.6000000000000005,5.951608296006336,8.950951657828023
RADAR,7.65,10.345100180858195,0.9276684462607075,-0.5104996880499244
LIDAR,7.7,6.076679930713688,8.414215896570852
RADAR,7.75,10.49081483135227,0.9931258259247437,0.002881498314592279
LIDAR,7.800000000000001,5.92011712334624,8.57603811941159
RADAR,7.8500000000000005,10.309101275227391,0.9557901315193851,-0.9259172074191295
LIDAR,7.9,5.787886027927219,8.486387473275737
RADAR,7.95,9.97449205489701,1.0199963847017008,-0.9365537916759057
LIDAR,8.0,5.42595101236717,8.646189021401032
RADAR,8.05,9.935024151854396,0.9925318543980269,-0.4599340027795714
LIDAR,8.1,5.069188854476291,8.622623617735904
RADAR,8.15,10.23766330271577,1.0279614950141058,-1.1609622525119112
LIDAR,8.200000000000001,5.316903876678867,8.24212503687149
RADAR,8.25,9.813605388373844,1.0177798068475266,-1.329348491887353
LIDAR,8.3,4.862697633738555,8.55956097910611
RADAR,8.35,10.144042720476927,1.0468286342853055,-1.2003318172295068
LIDAR,8.4,4.751924558089537,8.250808699959235
RADAR,8.450000000000001,9.765741878557376,1.1100841795786018,-1.6986021110197762
LIDAR,8.5,4.510091761657561,8.549045024091654
RADAR,8.55,9.879028232526828,1.0719420512389857,-1.08019833403023
LIDAR,8.6,4.103813950497698,8.367115168040442
RADAR,8.65,9.855138530043833,1.085082012353439,-1.4399362529900868
LIDAR,8.700000000000001,4.126941319855615,8.235194378966577
RADAR,8.75,9.083015849391025,1.1160438870759641,-0.8874128778147987
LIDAR,8.8,4.040326128186935,8.37134559756664
RADAR,8.85,9.314681960622888,1.1336310986285476,-1.3480621676664144
LIDAR,8.9,3.8212410076432413,8.214415712352164
RADAR,8.950000000000001,8.845716573579642,1.0952715008357987,-1.392968957451959
LIDAR,9.0,3.816299241090698,8.394009679822485
RADAR,9.05,9.055710437930609,1.1490152843667036,-1.7106112418453612
LIDAR,9.1,3.6138450904370716,7.933996795885631
RADAR,9.15,9.21005256409495,1.1773461637979659,-1.7319231498551493
LIDAR,9.200000000000001,3.396041612966758,8.006460322257164
RADAR,9.25,8.582001266292105,1.1922995179584712,-2.3891908752678397
LIDAR,9.3,2.9013389705025054,7.975343056323711
RADAR,9.35,7.904037847693393,1.2275165219911357,-1.0890378961108278
LIDAR,9.4,3.028764488447991,7.75820928474929
RADAR,9.450000000000001,8.461798638354292,1.2461937489209087,-2.0663748253453185
LIDAR,9.5,2.7579159582850905,7.758043108713958
RADAR,9.55,7.976748980037643,1.2391664589923244,-1.728077530443174
LIDAR,9.600000000000001,2.704146832909288,7.643099361404671
RADAR,9.65,7.493816757034302,1.213459268501593,-1.185633087898644
LIDAR,9.700000000000001,2.4007011734563686,7.310086029893367
RADAR,9.75,7.792349934911235,1.2645803307352546,-1.7065243411720923
LIDAR,9.8,2.16639194265936,7.17394410047445
RADAR,9.850000000000001,7.488642636472276,1.2324442333264094,-1.9992342113151862
LIDAR,9.9,2.0950400795164823,7.122690567061466
RADAR,9.950000000000001,7.646188985724877,1.2673811523895013,-1.2474176048742005
LIDAR,10.0,2.241324847190838,7.0128331061359495
RADAR,10.05,7.022113583589476,1.206072720727759,-1.2416909556341937
LIDAR,10.100000000000001,1.9249660266022979,7.039393738418104
RADAR,10.15,6.678333394611646,1.3381729614309172,-2.0139648611227474
LIDAR,10.200000000000001,1.7846638721505854,6.8089967461864935
RADAR,10.25,6.407206261697264,1.3155238065844577,-1.7661718621072835
LIDAR,10.3,1.6062451540098295,6.1880932472584025
RADAR,10.350000000000001,6.071134344237923,1.3968447426933421,-1.731265970734351
LIDAR,10.4,1.6170411088479375,6.192860606472042
RADAR,10.450000000000001,6.436296373560281,1.3877793228221282,-1.9163083008531034
LIDAR,10.5,1.3469093728982622,6.4157593736625556
RADAR,10.55,6.315682834126705,1.377347917888909,-2.0812929152887962
LIDAR,10.600000000000001,1.3451404243480878,5.715951636255987
RADAR,10.65,5.706474594061387,1.3819115033509535,-2.137451561449189
LIDAR,10.700000000000001,1.1329429520431087,5.783007687153183
RADAR,10.75,5.5015153344509935,1.3844966778114927,-2.154769829231297
LIDAR,10.8,1.5521799220599601,5.6312018484085655
RADAR,10.850000000000001,5.582565380549639,1.4047268277419407,-1.70304745076371
LIDAR,10.9,0.6946915141661822,5.392438356884843
RADAR,10.950000000000001,5.013948173117663,1.400504001562402,-2.4509897040347135
LIDAR,11.0,0.5099825811316194,5.149746020626138
RADAR,11.05,5.591019526904555,1.4174758113604193,-2.1373461204141893
LIDAR,11.100000000000001,0.7719929429865411,5.010358001930077
RADAR,11.15,5.040224656546988,1.4709946837647465,-2.1739501013475895
LIDAR,11.200000000000001,0.5749995493934088,4.912304531111394
RADAR,11.25,4.504173173008757,1.468303673539437,-2.702714659102191
LIDAR,11.3,0.3981217768930886,4.448991914938646
RADAR,11.350000000000001,4.402852091947517,1.5155796050970618,-2.016609608073478
LIDAR,11.4,0.5878841130755087,4.3425647354616
RADAR,11.450000000000001,4.296600350491408,1.4688827823120492,-2.006377656415662
LIDAR,11.5,0.32206417459949843,4.624130798601012
RADAR,11.55,4.8765103658474,1.5332412179564137,-2.1862263859410094
LIDAR,11.600000000000001,0.34357983917817786,4.10747680877273
RADAR,11.65,3.9870589264692273,1.5437646598510109,-2.17020559622339
LIDAR,11.700000000000001,0.2707480342279877,3.44740583925175
RADAR,11.75,3.344029476156029,1.570401633645322,-2.2708618762468085
LIDAR,11.8,0.09871402363545974,3.646843026492648
RADAR,11.850000000000001,3.767024969753457,1.5491778364974083,-1.9909900681320567
LIDAR,11.9,-0.0725892542114708,3.472229173830433
RADAR,11.950000000000001,3.5303852333822996,1.5805077001495587,-2.6714601309650488
LIDAR,12.0,0.061898118958504125,3.3203474543565568
RADAR,12.05,3.6843406908454623,1.6064125287435191,-2.479804503668662
LIDAR,12.100000000000001,-0.2764422522457205,3.128271228584643
RADAR,12.15,3.0770278102502497,1.6746558702975385,-1.8836538017998044
LIDAR,12.200000000000001,-0.36452834414057544,3.072596854608537
RADAR,12.25,2.555881583939667,1.724910207003334,-2.362302816427383
LIDAR,12.3,-0.05986472418716213,2.730205782900302
RADAR,12.350000000000001,2.696601008335335,1.7276102149180437,-1.9241282143410474
LIDAR,12.4,-0.6403280716165074,2.231126791991113
RADAR,12.450000000000001,2.4975049201050212,1.7103185175711413,-1.4298436711143265
LIDAR,12.5,-0.6003468566536774,2.3779950823299405
RADAR,12.55,2.276357434931943,1.8427946462354352,-1.4955255878908378
LIDAR,12.600000000000001,-0.3806541698637669,1.9785736321669158
RADAR,12.65,1.949539577584606,1.873999882188134,-1.9061436382210561
LIDAR,12.700000000000001,-0.938849202177257,1.7542189653059532
RADAR,12.75,2.258493347762725,1.930253148036804,-1.600797844941462
LIDAR,12.8,-0.652632071731867,1.6712845187377834
RADAR,12.850000000000001,1.4283387393792033,2.0511513305210998,-1.186802958050779
LIDAR,12.9,-0.8716082179696449,1.1427988429659262
RADAR,12.950000000000001,1.9701718391927454,2.0993176712843837,-1.2233454048945342
LIDAR,13.0,-0.7458250341932045,1.3292429872444431
RADAR,13.05,1.317928553008287,2.1942662840870653,-1.4723406192421702
LIDAR,13.100000000000001,-0.9094946545575622,1.021870418033559
RADAR,13.15,1.3035920046592904,2.3419121930376714,-0.9162795988325068
LIDAR,13.200000000000001,-0.9319802107361547,0.7958699193194086
RADAR,13.25,1.592794616273911,2.502404287165909,0.05070744564638441
LIDAR,13.3,-0.941161689627807,0.6699385871027829
RADAR,13.350000000000001,1.1860127540887633,2.6719035343339903,-0.07599364885844656
LIDAR,13.4,-1.2027737548037991,0.357989522116302
RADAR,13.450000000000001,1.785083358056933,2.964585157691859,0.36659309461637946
LIDAR,13.5,-1.1952270715024191,0.13980993872533598
RADAR,13.55,1.0956384935052812,3.0153613991735004,1.2458291466985296
LIDAR,13.600000000000001,-1.2943452352991698,-0.07869110177325114
RADAR,13.65,1.5762876745409935,-3.0816844931625056,1.5075811594443258
LIDAR,13.700000000000001,-1.4669230011202505,-0.2654427483724557
RADAR,13.75,1.5138986186475738,-2.961376441136433,0.6851731546042665
LIDAR,13.8,-1.5841807708306053,-0.665183516158782
RADAR,13.850000000000001,1.4286083247977173,-2.835955898782758,1.7342361056401872
LIDAR,13.9,-1.6611647629755057,-0.5067270892100844
RADAR,13.950000000000001,1.9324481356684984,-2.7120061558692745,1.5222197551531886
LIDAR,14.0,-1.7915036105577054,-0.7809234875947941
RADAR,14.05,2.085663612028168,-2.6809473337835774,1.6932712432985904
LIDAR,14.100000000000001,-1.684433950318588,-0.768869182194262
RADAR,14.15,2.3766077424659273,-2.5850419458660574,2.074391708644951
LIDAR,14.200000000000001,-2.0417086857475546,-1.1640291383270294
RADAR,14.25,2.4250033152402213,-2.575847690869905,1.472517589275068
LIDAR,14.3,-2.0836329780332443,-1.1531375738429712
RADAR,14.350000000000001,1.7724709668999932,-2.5354175475675964,2.085593210254374
LIDAR,14.4,-2.2203915309961966,-1.4235768006476894
RADAR,14.450000000000001,3.250079191634745,-2.5146717639180323,1.9704071026637822
LIDAR,14.5,-2.3081748945924376,-1.6846162832361768
RADAR,14.55,2.6091041040310308,-2.5153714419354976,2.029074042730248
LIDAR,14.600000000000001,-2.0820481541070266,-1.798849636089898
RADAR,14.65,2.962230731600066,-2.4089839387597314,2.2679009209211642
LIDAR,14.700000000000001,-2.7138997282805106,-1.8266209708564596
RADAR,14.75,3.560610455587809,-2.4455276107491994,2.053614858085857
LIDAR,14.8,-2.5376092904023047,-2.3990066434249737
RADAR,14.850000000000001,3.581219295488126,-2.4047848183079887,1.9485531897881196
LIDAR,14.9,-2.812877736032749,-2.372148133857919
RADAR,14.950000000000001,3.582288042574137,-2.4266670594718374,1.313820419884447
LIDAR,15.0,-2.6904952260574415,-2.3979856386621825
RADAR,15.05,3.9884171447245933,-2.363125870925676,2.2519168301627097
LIDAR,15.100000000000001,-3.0310902651656795,-2.5246709675176526
RADAR,15.15,4.280438406405147,-2.412443510928715,1.9776683765487053
LIDAR,15.200000000000001,-2.8074642154194827,-2.626916521340574
RADAR,15.25,4.006219239479092,-2.4279221080295037,1.5622314996067057
LIDAR,15.3,-3.370504529695682,-2.893700151094417
RADAR,15.350000000000001,4.147582975982574,-2.3870783138486593,2.151613648319911
LIDAR,15.4,-3.467470223979386,-3.0858497840492403
RADAR,15.450000000000001,4.5330052277924295,-2.434148858055684,1.8625375473410588
LIDAR,15.5,-3.36461514668712,-3.0529774902907163
RADAR,15.55,5.1576558993876995,-2.397168293341714,1.5960665096169115
LIDAR,15.600000000000001,-3.7943176385372688,-3.4869737337441973
RADAR,15.65,4.797557583559492,-2.429016584818576,2.694305686123837
LIDAR,15.700000000000001,-3.801666894592539,-3.5708895749574703
RADAR,15.75,5.470878724546687,-2.4016800508476144,2.0880708705767255
LIDAR,15.8,-3.9016731935523876,-3.5331004144818827
RADAR,15.850000000000001,5.4273138865378785,-2.3731953827304872,2.1099611581293427
LIDAR,15.9,-4.231424946759751,-3.7566142202859973
RADAR,15.950000000000001,5.616905316232093,-2.4529631433725663,2.163607735539955
LIDAR,16.0,-4.450566151314625,-3.6274286945965026
RADAR,16.05,5.407860319842246,-2.4380158092017647,2.240135604639257
LIDAR,16.1,-4.715572626876551,-3.8471710599966844
RADAR,16.150000000000002,6.269100704423846,-2.4614798182878608,1.6716761836525218
LIDAR,16.2,-4.934792362495261,-3.8511610472516984
RADAR,16.25,6.359773285685928,-2.465749457817273,1.7241658358455472
LIDAR,16.3,-4.982507893984534,-3.918920419454022
RADAR,16.35,6.259770482385418,-2.4880469049950538,2.1584701402507203
LIDAR,16.400000000000002,-5.248305229192859,-3.8833032969440278
RADAR,16.45,6.4611954492066745,-2.516026707340475,2.2368908982915916
LIDAR,16.5,-5.453218239760833,-4.20124969784171
RADAR,16.55,7.087898518563444,-2.4971153772858545,1.727544279429033
LIDAR,16.6,-5.332240296168027,-4.138217858271099
RADAR,16.650000000000002,7.232325002928782,-2.4748466706519774,1.219857863806213
LIDAR,16.7,-5.846764468257826,-4.395941887640364
RADAR,16.75,7.35962995965699,-2.530778592834829,1.9592128884311868
LIDAR,16.8,-6.05467847470185,-4.272074208988188
RADAR,16.85,7.32222480704166,-2.498478816932306,1.5699528665802376
LIDAR,16.900000000000002,-6.111755947753871,-4.094864161913643
RADAR,16.95,7.235529165464611,-2.547297798492694,1.1402129397561416
LIDAR,17.0,-6.42316294777633,-4.263007199954981
RADAR,17.05,7.652522714148284,-2.5957169617624394,1.844477239853993
LIDAR,17.1,-6.093699910692924,-4.010764005484294
RADAR,17.150000000000002,7.657616328984229,-2.5844794319887794,2.051620112704693
LIDAR,17.2,-6.706248753085378,-4.008863150363726
RADAR,17.25,8.23613422142973,-2.5950763996323905,1.328324029863554
LIDAR,17.3,-6.859834623234056,-4.1166726036581585
RADAR,17.35,8.279460576014062,-2.6380781062708714,1.8235653902849869
LIDAR,17.400000000000002,-6.91684944581925,-4.109397340364754
RADAR,17.45,8.440419487098184,-2.639571359331155,1.594526584481783
LIDAR,17.5,-7.450612878067263,-3.8955033640321157
RADAR,17.55,8.640114895964096,-2.65600012669601,0.9427370437409275
LIDAR,17.6,-7.346707928305514,-3.840396045666995
RADAR,17.650000000000002,8.214120802512957,-2.6492076559785622,1.793452198971091
LIDAR,17.7,-7.632366704687812,-3.82832876194934
RADAR,17.75,8.368278818124287,-2.643094836645117,1.35846732246314
LIDAR,17.8,-7.839449674703314,-4.049051344681605
RADAR,17.85,8.820958248874888,-2.7051396437424122,1.3287762118430158
LIDAR,17.900000000000002,-8.11264241761338,-3.9221958286271468
RADAR,17.95,8.505260753410628,-2.6820352014018782,0.7948259765634028
LIDAR,18.0,-8.19425768051216,-3.642669221806812
RADAR,18.05,8.676473572875686,-2.7122146924783728,0.8881662912214443
LIDAR,18.1,-8.287437187755934,-3.638896992569507
RADAR,18.150000000000002,8.969526660640897,-2.774842502739661,0.8953315608599709
LIDAR,18.2,-8.368151058851177,-3.658824122125014
RADAR,18.25,9.351986448910537,-2.751244667897361,0.7803237278684216
LIDAR,18.3,-8.611476747957944,-3.613521250670644
RADAR,18.35,9.244176518004164,-2.794258558609136,0.6082111943109705
LIDAR,18.400000000000002,-8.572719420420906,-3.4416745903947774
RADAR,18.45,8.771303196658101,-2.729505741519006,1.0240413724431272
LIDAR,18.5,-8.776848857940838,-3.216374145178829
RADAR,18.55,9.806990640504688,-2.81857904116565,0.797188989443273
LIDAR,18.6,-8.74900505829885,-3.0092049317111775
RADAR,18.650000000000002,9.469199655790812,-2.7555388525382507,0.8911279406944728
LIDAR,18.7,-9.074103324565659,-3.0397525268245005
RADAR,18.75,9.149174084620498,-2.8745437015545807,0.7884009356172443
LIDAR,18.8,-8.840776183938246,-2.807087979994303
RADAR,18.85,9.914051402688024,-2.8267108389687547,0.7383514735249345
LIDAR,18.900000000000002,-9.33360571171685,-2.6477706802849457
RADAR,18.95,9.279675079786315,-2.879268204857698,0.07518565425101525
LIDAR,19.0,-9.44044249691423,-2.3102783045339486
RADAR,19.05,9.550295874669256,-2.925535936719368,0.1848103856273773
LIDAR,19.1,-9.578479249661054,-2.3891015285799915
RADAR,19.150000000000002,9.871693014294838,-2.904666007593812,0.15515135467657074
LIDAR,19.200000000000003,-9.63700102213485,-2.030496598914091
RADAR,19.25,10.292295342042001,-2.975995117690621,0.2087317998814085
LIDAR,19.3,-9.465391539550476,-1.6964244287942745
RADAR,19.35,10.203330625571082,-2.956288139592059,0.26107146746660825
LIDAR,19.400000000000002,-9.625057896329084,-1.7939930187175013
RADAR,19.450000000000003,9.406078338837947,-2.9387105352809195,0.0049039963853051705
LIDAR,19.5,-9.60669019766931,-1.6202703845483903
RADAR,19.55,10.11574835622,-2.968018105883523,-0.19478500440439817
LIDAR,19.6,-9.940540144583146,-1.5462505423278308
RADAR,19.650000000000002,9.921388390988952,-2.9915878548876553,0.1327234052441959
LIDAR,19.700000000000003,-9.684633724443644,-1.124914922294914
RADAR,19.75,9.822361198325783,-3.0412282286611627,0.18957966485870728
LIDAR,19.8,-9.803681769092197,-1.0762405833311166
RADAR,19.85,10.407816430132499,-3.0480986589199475,-0.4315532757540346
LIDAR,19.900000000000002,-9.529903896154892,-0.8020573842162892
RADAR,19.950000000000003,9.497898077352025,-3.1073529511936435,-0.32985140217495224
LIDAR,20.0,-9.57892632764845,-0.42912540754405093
RADAR,20.05,9.787675509045929,-3.0875729636279057,-0.4217746055915026
LIDAR,20.1,-9.634809079342459,-0.38189701401606
RADAR,20.150000000000002,9.991871933179974,-3.0215385530673733,0.13034500775124563
LIDAR,20.200000000000003,-9.479289418425449,-0.11915070935307467
RADAR,20.25,9.346901220419682,-3.0512900333718744,-0.018757808178355595
LIDAR,20.3,-9.693642983147297,-0.09939531888161798
RADAR,20.35,9.622447863128478,-3.1225970005228976,-0.23556040407917261
LIDAR,20.400000000000002,-9.460494725284066,0.2015918033986555
RADAR,20.450000000000003,9.726984225958741,3.149258607819116,-0.3768307341558612
LIDAR,20.5,-9.725778360429661,0.18202189496323876
RADAR,20.55,9.218573844855682,3.1077554302203207,-0.41356668642514116
LIDAR,20.6,-9.382768877228221,0.41206732831111115
RADAR,20.650000000000002,9.355980150866777,3.0518024215318347,-0.9280319770499832
LIDAR,20.700000000000003,-9.476431808007177,0.53798870927759
RADAR,20.75,9.688451111105904,3.1075282184415425,-0.5309043743962717
LIDAR,20.8,-9.288458198986236,0.7417314470822116
RADAR,20.85,8.831296265145175,2.954708471678433,-0.4356261728355373
LIDAR,20.900000000000002,-9.229415145411904,0.8434375077681406
RADAR,20.950000000000003,9.9426560997736,2.9960857802794205,-1.4038833805204836
LIDAR,21.0,-9.257970155993728,1.4325799549238625
RADAR,21.05,9.178619841728372,3.033140695451806,-1.0144399841741616
LIDAR,21.1,-9.220582319060531,1.3694216025602752
RADAR,21.150000000000002,9.097614176479196,3.001086788325842,-0.9215191592916816
LIDAR,21.200000000000003,-8.991918566637118,1.4110308380389782
RADAR,21.25,8.704512862013823,2.9631147493113072,-0.0167870930863131
LIDAR,21.3,-8.59071985679739,1.639890437747579
RADAR,21.35,8.76826633445106,2.947914656626582,-1.4139255211600057
LIDAR,21.400000000000002,-8.633506476752103,1.9225172405479432
RADAR,21.450000000000003,8.704695658744917,2.970515096379306,-1.1405948622096014
LIDAR,21.5,-8.547235612367794,1.675378329170177
RADAR,21.55,9.255859184293513,2.891083923429828,-1.2782804285751
LIDAR,21.6,-8.48887355139013,2.0356472783026214
RADAR,21.650000000000002,8.781240661158284,2.8717294120853762,-1.1919963509448888
LIDAR,21.700000000000003,-8.113357382804413,2.0445046829716906
RADAR,21.75,7.648473076219934,2.863969387388646,-1.1388882088596148
LIDAR,21.8,-8.110233212705005,2.426093798769913
RADAR,21.85,8.119192244377844,2.8557316648294755,-1.2175168979444524
LIDAR,21.900000000000002,-7.997053394499189,2.2457885749032775
RADAR,21.950000000000003,8.389228749253656,2.853409822169333,-1.716832472707515
LIDAR,22.0,-7.903014388284049,2.657887763069285
RADAR,22.05,7.833753380807323,2.7826241941957766,-1.1046153910710281
LIDAR,22.1,-7.593529545468981,2.566605657260934
RADAR,22.150000000000002,8.064040968974618,2.843606567872539,-1.1376553911272762
LIDAR,22.200000000000003,-7.664945403260358,2.7985905943398643
RADAR,22.25,7.470355097818338,2.7064087465466447,-1.6497892084929155
LIDAR,22.3,-7.161894255738812,2.872973540287045
RADAR,22.35,7.619620744257162,2.7735451666220032,-1.912619157088708
LIDAR,22.400000000000002,-7.048722174900706,2.839598528114066
RADAR,22.450000000000003,7.880123081181086,2.7222359538698915,-1.5120574729155154
LIDAR,22.5,-6.839978876128084,3.205716165559941
RADAR,22.55,7.4373441382937155,2.7387704888011415,-1.740092039109916
LIDAR,22.6,-6.677037323074023,3.3878073170739667
RADAR,22.650000000000002,7.562437357160877,2.7141627797418413,-1.2750294873943429
LIDAR,22.700000000000003,-6.593779679268392,3.2026769599323144
RADAR,22.75,7.360653869067794,2.6772055524785454,-1.3207471546398766
LIDAR,22.8,-6.175336380599946,3.683369381304953
RADAR,22.85,7.219453070740302,2.660496752606893,-1.305160532548712
LIDAR,22.900000000000002,-6.171123562361408,3.445427511506912
RADAR,22.950000000000003,6.633587195237773,2.579731937762147,-1.049820235978508
LIDAR,23.0,-6.068602059499206,3.3100234241570203
RADAR,23.05,7.147772183306954,2.5990725796434706,-1.3200311903955149
LIDAR,23.1,-5.769462283139684,3.319599369800195
RADAR,23.150000000000002,6.295357950532177,2.5506853716081017,-1.357753665724553
LIDAR,23.200000000000003,-5.434360253100346,3.5397568051945676
RADAR,23.25,6.426710435021394,2.5669853024102585,-0.9710966186725202
LIDAR,23.3,-5.120383241152522,3.7293777448534877
RADAR,23.35,6.342889215162026,2.5641692073105102,-1.5481232501599413
LIDAR,23.400000000000002,-5.139708625620058,3.552337935202446
RADAR,23.450000000000003,6.508577395944618,2.5229205878119307,-1.6639580063637105
LIDAR,23.5,-4.764554521227963,3.747027017763101
RADAR,23.55,5.932714539425458,2.4491225564173447,-1.5185281394445544
LIDAR,23.6,-4.583348869147533,3.388944766562014
RADAR,23.650000000000002,5.485253730896346,2.4505118852185355,-1.3562096581980019
LIDAR,23.700000000000003,-4.32765079529807,3.500842177503307
RADAR,23.75,5.339301565447425,2.4250740892688465,-1.9469527405177007
LIDAR,23.8,-4.063405724589228,3.561965279188618
RADAR,23.85,5.410197015696002,2.3926546198731797,-1.9741230029473043
LIDAR,23.900000000000002,-4.019720937964836,3.895312093144144
RADAR,23.950000000000003,5.5898161918989295,2.403276162573055,-1.561001132611304
LIDAR,24.0,-4.095411825204095,3.679307420165311
RADAR,24.05,5.286992024762387,2.3545935955721644,-1.2948665586876662
LIDAR,24.1,-3.4629265483298686,4.291174201740771
RADAR,24.150000000000002,5.109169754217673,2.3171744368929943,-1.4668132717314935
LIDAR,24.200000000000003,-3.452970814605773,3.7599126980158477
RADAR,24.25,4.700582165715,2.2826440515613697,-1.1658776300335076
LIDAR,24.3,-3.0984256718946357,3.8721965484049266
RADAR,24.35,5.061343080052217,2.205056635497389,-1.1811209291589058
LIDAR,24.400000000000002,-2.6753664429119244,3.7851112960462276
RADAR,24.450000000000003,4.985660885325619,2.2083996028072876,-1.5059650662425872
LIDAR,24.5,-2.4193586714313904,3.907244184528511
RADAR,24.55,4.409362147693507,2.196394766639667,-1.2338973102446171
LIDAR,24.6,-2.6417032899767587,3.9438667627468615
RADAR,24.650000000000002,4.568471505118823,2.1724151195875514,-1.506860739817282
LIDAR,24.700000000000003,-2.095368880510213,3.705758661213573
RADAR,24.75,4.171950766377309,2.0429775302740425,-1.5218248287613225
LIDAR,24.8,-2.24050961826719,3.9657145983827964
RADAR,24.85,4.026014729844902,2.123320349650938,-1.4216169287594211
LIDAR,24.900000000000002,-2.095065438196038,3.57026570818521
RADAR,24.950000000000003,4.4683089477126465,1.9657161297268193,-1.1262078160839741
